Nominativo,Gruppo
AIELLO Davide,MOVIMENTO 5 STELLE
ALBANO Lucia,FRATELLI D'ITALIA
ALIFANO Enrica,MOVIMENTO 5 STELLE
ALMICI Cristina,FRATELLI D'ITALIA
AMATO Gaetano,MOVIMENTO 5 STELLE
AMBROSI Alessia,FRATELLI D'ITALIA
AMENDOLA Vincenzo,PARTITO DEMOCRATICO - ITALIA DEMOCRATICA E PROGRESSISTA
AMICH Enzo,FRATELLI D'ITALIA
AMORESE Alessandro,FRATELLI D'ITALIA
ANDREUZZA Giorgia,LEGA - SALVINI PREMIER
ANGELUCCI Antonio,LEGA - SALVINI PREMIER
ANTONIOZZI Alfredo,FRATELLI D'ITALIA
APPENDINO Chiara,MOVIMENTO 5 STELLE
ARRUZZOLO Giovanni,FORZA ITALIA - BERLUSCONI PRESIDENTE - PPE
ASCANI Anna,PARTITO DEMOCRATICO - ITALIA DEMOCRATICA E PROGRESSISTA
ASCARI Stefania,MOVIMENTO 5 STELLE
AURIEMMA Carmela,MOVIMENTO 5 STELLE
BAGNAI Alberto,LEGA - SALVINI PREMIER
BAGNASCO Roberto,FORZA ITALIA - BERLUSCONI PRESIDENTE - PPE
BAKKALI Ouidad,PARTITO DEMOCRATICO - ITALIA DEMOCRATICA E PROGRESSISTA
BALDELLI Antonio,FRATELLI D'ITALIA
BALDINO Vittoria,MOVIMENTO 5 STELLE
BARABOTTI Andrea,LEGA - SALVINI PREMIER
BARBAGALLO Anthony Emanuele,PARTITO DEMOCRATICO - ITALIA DEMOCRATICA E PROGRESSISTA
BARELLI Paolo,FORZA ITALIA - BERLUSCONI PRESIDENTE - PPE
BARZOTTI Valentina,MOVIMENTO 5 STELLE
BATTILOCCHIO Alessandro,FORZA ITALIA - BERLUSCONI PRESIDENTE - PPE
BATTISTONI Francesco,FORZA ITALIA - BERLUSCONI PRESIDENTE - PPE
BELLOMO Davide,FORZA ITALIA - BERLUSCONI PRESIDENTE - PPE
BELLUCCI Maria Teresa,FRATELLI D'ITALIA
BENIGNI Stefano,FORZA ITALIA - BERLUSCONI PRESIDENTE - PPE
BENVENUTI GOSTOLI Stefano Maria,FRATELLI D'ITALIA
BENVENUTO Alessandro Manuel,LEGA - SALVINI PREMIER
BENZONI Fabrizio,AZIONE-POPOLARI EUROPEISTI RIFORMATORI-RENEW EUROPE
BERGAMINI Davide,LEGA - SALVINI PREMIER
BERGAMINI Deborah,FORZA ITALIA - BERLUSCONI PRESIDENTE - PPE
BERRUTO Mauro,PARTITO DEMOCRATICO - ITALIA DEMOCRATICA E PROGRESSISTA
BICCHIELLI Pino,FORZA ITALIA - BERLUSCONI PRESIDENTE - PPE
BIGNAMI Galeazzo,FRATELLI D'ITALIA
BILLI Simone,LEGA - SALVINI PREMIER
BISA Ingrid,LEGA - SALVINI PREMIER
BITONCI Massimo,LEGA - SALVINI PREMIER
BOF Gianangelo,LEGA - SALVINI PREMIER
BOLDRINI Laura,PARTITO DEMOCRATICO - ITALIA DEMOCRATICA E PROGRESSISTA
BONAFE' Simona,PARTITO DEMOCRATICO - ITALIA DEMOCRATICA E PROGRESSISTA
BONELLI Angelo,ALLEANZA VERDI E SINISTRA
BONETTI Elena,AZIONE-POPOLARI EUROPEISTI RIFORMATORI-RENEW EUROPE
BONIFAZI Francesco,ITALIA VIVA-IL CENTRO-RENEW EUROPE
BORDONALI Simona,LEGA - SALVINI PREMIER
BORRELLI Francesco Emilio,ALLEANZA VERDI E SINISTRA
BOSCAINI Maria Paola,FORZA ITALIA - BERLUSCONI PRESIDENTE - PPE
BOSCHI Maria Elena,ITALIA VIVA-IL CENTRO-RENEW EUROPE
BOSSI Umberto,LEGA - SALVINI PREMIER
BRAGA Chiara,PARTITO DEMOCRATICO - ITALIA DEMOCRATICA E PROGRESSISTA
BRAMBILLA Michela Vittoria,NOI MODERATI (NOI CON L'ITALIA, CORAGGIO ITALIA, UDC E ITALIA AL CENTRO)-MAIE-CENTRO POPOLARE
BRUNO Raffaele,MOVIMENTO 5 STELLE
BRUZZONE Francesco,LEGA - SALVINI PREMIER
BUONGUERRIERI Alice,FRATELLI D'ITALIA
CAFIERO DE RAHO Federico,MOVIMENTO 5 STELLE
CAIATA Salvatore,FRATELLI D'ITALIA
CALDERONE Tommaso Antonino,FORZA ITALIA - BERLUSCONI PRESIDENTE - PPE
CALOVINI Giangiacomo,FRATELLI D'ITALIA
CANDIANI Stefano,LEGA - SALVINI PREMIER
CANGIANO Gerolamo,FRATELLI D'ITALIA
CANNATA Giovanni Luca,FRATELLI D'ITALIA
CANNIZZARO Francesco,FORZA ITALIA - BERLUSCONI PRESIDENTE - PPE
CANTONE Luciano,MOVIMENTO 5 STELLE
CAPARVI Virginio,LEGA - SALVINI PREMIER
CAPPELLACCI Ugo,FORZA ITALIA - BERLUSCONI PRESIDENTE - PPE
CAPPELLETTI Enrico,MOVIMENTO 5 STELLE
CARAMANNA Gianluca,FRATELLI D'ITALIA
CARAMIELLO Alessandro,MOVIMENTO 5 STELLE
CARE' Nicola,PARTITO DEMOCRATICO - ITALIA DEMOCRATICA E PROGRESSISTA
CARETTA Maria Cristina,FRATELLI D'ITALIA
CARFAGNA Maria Rosaria,NOI MODERATI (NOI CON L'ITALIA, CORAGGIO ITALIA, UDC E ITALIA AL CENTRO)-MAIE-CENTRO POPOLARE
CARLONI Mirco,LEGA - SALVINI PREMIER
CARMINA Ida,MOVIMENTO 5 STELLE
CAROPPO Andrea,FORZA ITALIA - BERLUSCONI PRESIDENTE - PPE
CAROTENUTO Dario,MOVIMENTO 5 STELLE
CARRA' Anastasio,LEGA - SALVINI PREMIER
CASASCO Maurizio,FORZA ITALIA - BERLUSCONI PRESIDENTE - PPE
CASO Antonio,MOVIMENTO 5 STELLE
CASTIGLIONE Giuseppe,FORZA ITALIA - BERLUSCONI PRESIDENTE - PPE
CASU Andrea,PARTITO DEMOCRATICO - ITALIA DEMOCRATICA E PROGRESSISTA
CATTANEO Alessandro,FORZA ITALIA - BERLUSCONI PRESIDENTE - PPE
CATTOI Vanessa,LEGA - SALVINI PREMIER
CAVANDOLI Laura,LEGA - SALVINI PREMIER
CAVO Ilaria,NOI MODERATI (NOI CON L'ITALIA, CORAGGIO ITALIA, UDC E ITALIA AL CENTRO)-MAIE-CENTRO POPOLARE
CECCHETTI Fabrizio,LEGA - SALVINI PREMIER
CENTEMERO Giulio,LEGA - SALVINI PREMIER
CERRETO Marco,FRATELLI D'ITALIA
CESA Lorenzo,MISTO - non iscritto ad alcuna componente
CHERCHI Susanna,MOVIMENTO 5 STELLE
CHIESA Paola Maria,FRATELLI D'ITALIA
CIABURRO Monica,FRATELLI D'ITALIA
CIANCITTO Francesco Maria Salvatore,FRATELLI D'ITALIA
CIANI Paolo,PARTITO DEMOCRATICO - ITALIA DEMOCRATICA E PROGRESSISTA
CIOCCHETTI Luciano,FRATELLI D'ITALIA
CIRIELLI Edmondo,FRATELLI D'ITALIA
COIN Dimitri,LEGA - SALVINI PREMIER
COLOMBO Beatriz,FRATELLI D'ITALIA
COLOSIMO Chiara,FRATELLI D'ITALIA
COLUCCI Alessandro,NOI MODERATI (NOI CON L'ITALIA, CORAGGIO ITALIA, UDC E ITALIA AL CENTRO)-MAIE-CENTRO POPOLARE
COLUCCI Alfonso,MOVIMENTO 5 STELLE
COMAROLI Silvana Andreina,LEGA - SALVINI PREMIER
COMBA Fabrizio,FRATELLI D'ITALIA
CONGEDO Saverio,FRATELLI D'ITALIA
CONTE Giuseppe,MOVIMENTO 5 STELLE
COPPO Marcello,FRATELLI D'ITALIA
CORTELAZZO Piergiorgio,FORZA ITALIA - BERLUSCONI PRESIDENTE - PPE
COSTA Enrico,FORZA ITALIA - BERLUSCONI PRESIDENTE - PPE
COSTA Sergio,MOVIMENTO 5 STELLE
CRIPPA Andrea,LEGA - SALVINI PREMIER
CUPERLO Gianni,PARTITO DEMOCRATICO - ITALIA DEMOCRATICA E PROGRESSISTA
CURTI Augusto,PARTITO DEMOCRATICO - ITALIA DEMOCRATICA E PROGRESSISTA
D'ALESSIO Antonio,AZIONE-POPOLARI EUROPEISTI RIFORMATORI-RENEW EUROPE
D'ALFONSO Luciano,PARTITO DEMOCRATICO - ITALIA DEMOCRATICA E PROGRESSISTA
DALLA CHIESA Rita,FORZA ITALIA - BERLUSCONI PRESIDENTE - PPE
DARA Andrea,LEGA - SALVINI PREMIER
D'ATTIS Mauro,FORZA ITALIA - BERLUSCONI PRESIDENTE - PPE
DE BERTOLDI Andrea,LEGA - SALVINI PREMIER
DE CORATO Riccardo,FRATELLI D'ITALIA
DEIDDA Salvatore,FRATELLI D'ITALIA
DEL BARBA Mauro,ITALIA VIVA-IL CENTRO-RENEW EUROPE
DELLA VEDOVA Benedetto,MISTO-+EUROPA
DELL'OLIO Gianmauro,MOVIMENTO 5 STELLE
DELMASTRO DELLE VEDOVE Andrea,FRATELLI D'ITALIA
DE LUCA Piero,PARTITO DEMOCRATICO - ITALIA DEMOCRATICA E PROGRESSISTA
DE MARIA Andrea,PARTITO DEMOCRATICO - ITALIA DEMOCRATICA E PROGRESSISTA
DE MICHELI Paola,PARTITO DEMOCRATICO - ITALIA DEMOCRATICA E PROGRESSISTA
DE MONTE Isabella,FORZA ITALIA - BERLUSCONI PRESIDENTE - PPE
DE PALMA Vito,FORZA ITALIA - BERLUSCONI PRESIDENTE - PPE
DI BIASE Michela,PARTITO DEMOCRATICO - ITALIA DEMOCRATICA E PROGRESSISTA
DI GIUSEPPE Andrea,FRATELLI D'ITALIA
DI LAURO Carmen,MOVIMENTO 5 STELLE
DI MAGGIO Grazia,FRATELLI D'ITALIA
DI MATTINA Salvatore Marcello,LEGA - SALVINI PREMIER
DI SANZO Christian Diego,PARTITO DEMOCRATICO - ITALIA DEMOCRATICA E PROGRESSISTA
DONDI Daniela,FRATELLI D'ITALIA
DONNO Leonardo,MOVIMENTO 5 STELLE
DONZELLI Giovanni,FRATELLI D'ITALIA
DORI Devis,ALLEANZA VERDI E SINISTRA
D'ORSO Valentina,MOVIMENTO 5 STELLE
EVI Eleonora,PARTITO DEMOCRATICO - ITALIA DEMOCRATICA E PROGRESSISTA
FARAONE Davide,ITALIA VIVA-IL CENTRO-RENEW EUROPE
FASCINA Marta Antonia,FORZA ITALIA - BERLUSCONI PRESIDENTE - PPE
FASSINO Piero,PARTITO DEMOCRATICO - ITALIA DEMOCRATICA E PROGRESSISTA
FEDE Giorgio,MOVIMENTO 5 STELLE
FENU Emiliano,MOVIMENTO 5 STELLE (Cessato dal mandato parlamentare il 22 luglio 2025)
FERRANTE Tullio,FORZA ITALIA - BERLUSCONI PRESIDENTE - PPE
FERRARA Antonio,MOVIMENTO 5 STELLE
FERRARI Sara,PARTITO DEMOCRATICO - ITALIA DEMOCRATICA E PROGRESSISTA
FERRO Wanda,FRATELLI D'ITALIA
FILINI Francesco,FRATELLI D'ITALIA
FILIPPIN Rosanna,PARTITO DEMOCRATICO - ITALIA DEMOCRATICA E PROGRESSISTA
FITTO Raffaele,FRATELLI D'ITALIA (Cessato dal mandato parlamentare il 2 dicembre 2024)
FONTANA Ilaria,MOVIMENTO 5 STELLE
FONTANA Lorenzo,LEGA - SALVINI PREMIER
FORATTINI Antonella,PARTITO DEMOCRATICO - ITALIA DEMOCRATICA E PROGRESSISTA
FORMENTINI Paolo,LEGA - SALVINI PREMIER
FORNARO Federico,PARTITO DEMOCRATICO - ITALIA DEMOCRATICA E PROGRESSISTA
FOSSI Emiliano,PARTITO DEMOCRATICO - ITALIA DEMOCRATICA E PROGRESSISTA
FOTI Tommaso,FRATELLI D'ITALIA
FRASSINETTI Paola,FRATELLI D'ITALIA
FRASSINI Rebecca,LEGA - SALVINI PREMIER
FRATOIANNI Nicola,ALLEANZA VERDI E SINISTRA
FRENI Federico,LEGA - SALVINI PREMIER
FRIJIA Maria Grazia,FRATELLI D'ITALIA
FURFARO Marco,PARTITO DEMOCRATICO - ITALIA DEMOCRATICA E PROGRESSISTA
FURGIUELE Domenico,LEGA - SALVINI PREMIER
GABELLONE Antonio Maria,FRATELLI D'ITALIA
GADDA Maria Chiara,ITALIA VIVA-IL CENTRO-RENEW EUROPE
GALLO Francesco,MISTO - non iscritto ad alcuna componente
GARDINI Elisabetta,FRATELLI D'ITALIA
GATTA Giandiego,FORZA ITALIA - BERLUSCONI PRESIDENTE - PPE
GAVA Vannia,LEGA - SALVINI PREMIER
GEBHARD Renate,MISTO-MINORANZE LINGUISTICHE
GEMMATO Marcello,FRATELLI D'ITALIA
GENTILE Andrea,FORZA ITALIA - BERLUSCONI PRESIDENTE - PPE
GHIO Valentina,PARTITO DEMOCRATICO - ITALIA DEMOCRATICA E PROGRESSISTA
GHIRRA Francesca,ALLEANZA VERDI E SINISTRA
GIACCONE Andrea,LEGA - SALVINI PREMIER
GIACHETTI Roberto,ITALIA VIVA-IL CENTRO-RENEW EUROPE
GIAGONI Dario,LEGA - SALVINI PREMIER
GIANASSI Federico,PARTITO DEMOCRATICO - ITALIA DEMOCRATICA E PROGRESSISTA
GIGLIO VIGNA Alessandro,LEGA SALVINI PREMIER
GIORDANO Antonio,FRATELLI D'ITALIA
GIORGETTI Giancarlo,LEGA - SALVINI PREMIER
GIORGIANNI Carmen Letizia,FRATELLI D'ITALIA
GIOVINE Silvio,FRATELLI D'ITALIA
GIRELLI Gian Antonio,PARTITO DEMOCRATICO - ITALIA DEMOCRATICA E PROGRESSISTA
GIULIANO Carla,MOVIMENTO 5 STELLE
GNASSI Andrea,PARTITO DEMOCRATICO - ITALIA DEMOCRATICA E PROGRESSISTA
GRAZIANO Stefano,PARTITO DEMOCRATICO - ITALIA DEMOCRATICA E PROGRESSISTA
GRIBAUDO Chiara,PARTITO DEMOCRATICO - ITALIA DEMOCRATICA E PROGRESSISTA
GRIMALDI Marco,ALLEANZA VERDI E SINISTRA
GRIPPO Valentina,AZIONE-POPOLARI EUROPEISTI RIFORMATORI-RENEW EUROPE
GRUPPIONI Naike,FRATELLI D'ITALIA
GUBITOSA Michele,MOVIMENTO 5 STELLE
GUERINI Lorenzo,PARTITO DEMOCRATICO - ITALIA DEMOCRATICA E PROGRESSISTA
GUERRA Maria Cecilia,PARTITO DEMOCRATICO - ITALIA DEMOCRATICA E PROGRESSISTA
GUSMEROLI Alberto Luigi,LEGA - SALVINI PREMIER
IACONO Giovanna,PARTITO DEMOCRATICO - ITALIA DEMOCRATICA E PROGRESSISTA
IAIA Dario,FRATELLI D'ITALIA
IARIA Antonino,MOVIMENTO 5 STELLE
IEZZI Igor,LEGA - SALVINI PREMIER
KELANY Sara,FRATELLI D'ITALIA
L'ABBATE Patty,MOVIMENTO 5 STELLE
LACARRA Marco,PARTITO DEMOCRATICO - ITALIA DEMOCRATICA E PROGRESSISTA
LAI Silvio,PARTITO DEMOCRATICO - ITALIA DEMOCRATICA E PROGRESSISTA
LAMPIS Gianni,FRATELLI D'ITALIA
LANCELLOTTA Elisabetta Christiana,FRATELLI D'ITALIA
LA PORTA Chiara,FRATELLI D'ITALIA
LA SALANDRA Giandonato,FRATELLI D'ITALIA
LATINI Giorgia,LEGA - SALVINI PREMIER
LAUS Mauro Antonio Donato,PARTITO DEMOCRATICO - ITALIA DEMOCRATICA E PROGRESSISTA
LAZZARINI Arianna,LEGA - SALVINI PREMIER
LEO Maurizio,FRATELLI D'ITALIA
LETTA Enrico,PARTITO DEMOCRATICO - ITALIA DEMOCRATICA E PROGRESSISTA (Cessato dal mandato parlamentare il 20 dicembre 2024)
LOIZZO Simona,LEGA - SALVINI PREMIER
LOLLOBRIGIDA Francesco,FRATELLI D'ITALIA
LOMUTI Arnaldo,MOVIMENTO 5 STELLE
LONGI Eliana,FRATELLI D'ITALIA
LOPERFIDO Emanuele,FRATELLI D'ITALIA
LOVECCHIO Giorgio,FORZA ITALIA - BERLUSCONI PRESIDENTE - PPE
LUCASELLI Ylenja,FRATELLI D'ITALIA
LUPI Maurizio,NOI MODERATI (NOI CON L'ITALIA, CORAGGIO ITALIA, UDC E ITALIA AL CENTRO)-MAIE-CENTRO POPOLARE
MACCANTI Elena,LEGA - SALVINI PREMIER
MACCARI Carlo,FRATELLI D'ITALIA
MADIA Maria Anna,PARTITO DEMOCRATICO - ITALIA DEMOCRATICA E PROGRESSISTA
MAERNA Novo Umberto,FRATELLI D'ITALIA
MAGI Riccardo,MISTO-+EUROPA
MAIORANO Giovanni,FRATELLI D'ITALIA
MALAGOLA Lorenzo,FRATELLI D'ITALIA
MALAGUTI Mauro,FRATELLI D'ITALIA
MALAVASI Ilenia,PARTITO DEMOCRATICO - ITALIA DEMOCRATICA E PROGRESSISTA
MANCINI Claudio,PARTITO DEMOCRATICO - ITALIA DEMOCRATICA E PROGRESSISTA
MANES Franco,MISTO-MINORANZE LINGUISTICHE
MANGIALAVORI Giuseppe Tommaso Vincenzo,FORZA ITALIA - BERLUSCONI PRESIDENTE - PPE
MANTOVANI Lucrezia Maria Benedetta,FRATELLI D'ITALIA
MANZI Irene,PARTITO DEMOCRATICO - ITALIA DEMOCRATICA E PROGRESSISTA
MARATTIN Luigi,MISTO - non iscritto ad alcuna componente
MARCHETTI Riccardo Augusto,LEGA - SALVINI PREMIER
MARCHETTO ALIPRANDI Marina,FRATELLI D'ITALIA
MARI Francesco,ALLEANZA VERDI E SINISTRA
MARINO Maria Stefania,PARTITO DEMOCRATICO - ITALIA DEMOCRATICA E PROGRESSISTA
MARROCCO Patrizia,FORZA ITALIA - BERLUSCONI PRESIDENTE - PPE
MASCARETTI Andrea,FRATELLI D'ITALIA
MASCHIO Ciro,FRATELLI D'ITALIA
MATERA Mariangela,FRATELLI D'ITALIA
MATONE Simonetta,LEGA - SALVINI PREMIER
MATTEONI Nicole,FRATELLI D'ITALIA
MATTIA Aldo,FRATELLI D'ITALIA
MAULLU Stefano Giovanni,FRATELLI D'ITALIA
MAURI Matteo,PARTITO DEMOCRATICO - ITALIA DEMOCRATICA E PROGRESSISTA
MAZZETTI Erica,FORZA ITALIA - BERLUSCONI PRESIDENTE - PPE
MAZZI Gianmarco,FRATELLI D'ITALIA
MELONI Giorgia,FRATELLI D'ITALIA
MEROLA Virginio,PARTITO DEMOCRATICO - ITALIA DEMOCRATICA E PROGRESSISTA
MESSINA Manlio,MISTO - non iscritto ad alcuna componente
MICHELOTTI Francesco,FRATELLI D'ITALIA
MIELE Giovanna,LEGA - SALVINI PREMIER
MILANI Massimo,FRATELLI D'ITALIA
MINARDO Antonino,FORZA ITALIA - BERLUSCONI PRESIDENTE - PPE
MOLINARI Riccardo,LEGA - SALVINI PREMIER
MOLLICONE Federico,FRATELLI D'ITALIA
MOLTENI Nicola,LEGA - SALVINI PREMIER
MONTARULI Augusta,FRATELLI D'ITALIA
MONTEMAGNI Elisa,LEGA - SALVINI PREMIER
MORASSUT Roberto,PARTITO DEMOCRATICO - ITALIA DEMOCRATICA E PROGRESSISTA
MORFINO Daniela,MOVIMENTO 5 STELLE
MORGANTE Maddalena,FRATELLI D'ITALIA
MORRONE Jacopo,LEGA - SALVINI PREMIER
MULE' Giorgio,FORZA ITALIA - BERLUSCONI PRESIDENTE - PPE
MURA Francesco,FRATELLI D'ITALIA
NEVI Raffaele,FORZA ITALIA - BERLUSCONI PRESIDENTE - PPE
NISINI Tiziana,LEGA - SALVINI PREMIER
NORDIO Carlo,FRATELLI D'ITALIA
ONORI Federica,AZIONE-POPOLARI EUROPEISTI RIFORMATORI-RENEW EUROPE
ORFINI Matteo,PARTITO DEMOCRATICO - ITALIA DEMOCRATICA E PROGRESSISTA
ORLANDO Andrea,PARTITO DEMOCRATICO - ITALIA DEMOCRATICA E PROGRESSISTA (Cessato dal mandato parlamentare il 7 gennaio 2025)
ORRICO Anna Laura,MOVIMENTO 5 STELLE
ORSINI Andrea,FORZA ITALIA - BERLUSCONI PRESIDENTE - PPE
OSNATO Marco,FRATELLI D'ITALIA
OTTAVIANI Nicola,LEGA - SALVINI PREMIER
PADOVANI Marco,FRATELLI D'ITALIA
PAGANO Nazario,FORZA ITALIA - BERLUSCONI PRESIDENTE - PPE
PAGANO Ubaldo,PARTITO DEMOCRATICO - ITALIA DEMOCRATICA E PROGRESSISTA
PALOMBI Alessandro,FRATELLI D'ITALIA
PANDOLFO Alberto,PARTITO DEMOCRATICO - ITALIA DEMOCRATICA E PROGRESSISTA
PANIZZUT Massimiliano,LEGA - SALVINI PREMIER
PASTORELLA Giulia,AZIONE-POPOLARI EUROPEISTI RIFORMATORI-RENEW EUROPE
PASTORINO Luca,MISTO-+EUROPA
PATRIARCA Annarita,FORZA ITALIA - BERLUSCONI PRESIDENTE - PPE
PAVANELLI Emma,MOVIMENTO 5 STELLE
PELLA Roberto,FORZA ITALIA - BERLUSCONI PRESIDENTE - PPE
PELLEGRINI Marco,MOVIMENTO 5 STELLE
PELLICINI Andrea,FRATELLI D'ITALIA
PELUFFO Vinicio Giuseppe Guido,PARTITO DEMOCRATICO - ITALIA DEMOCRATICA E PROGRESSISTA
PENZA Pasqualino,MOVIMENTO 5 STELLE
PERANTONI Mario,MOVIMENTO 5 STELLE
PERISSA Marco,FRATELLI D'ITALIA
PICCOLOTTI Elisabetta,ALLEANZA VERDI E SINISTRA
PICHETTO FRATIN Gilberto,FORZA ITALIA - BERLUSCONI PRESIDENTE - PPE
PIERRO Attilio,LEGA - SALVINI PREMIER
PIETRELLA Fabio,FRATELLI D'ITALIA
PISANO Calogero,NOI MODERATI (NOI CON L'ITALIA, CORAGGIO ITALIA, UDC E ITALIA AL CENTRO)-MAIE-CENTRO POPOLARE
PITTALIS Pietro,FORZA ITALIA - BERLUSCONI PRESIDENTE - PPE
PIZZIMENTI Graziano,LEGA - SALVINI PREMIER
POLIDORI Catia,FORZA ITALIA - BERLUSCONI PRESIDENTE - PPE
POLO Barbara,FRATELLI D'ITALIA
PORTA Fabio,PARTITO DEMOCRATICO - ITALIA DEMOCRATICA E PROGRESSISTA
POZZOLO Emanuele,MISTO - non iscritto ad alcuna componente
PRESTIPINO Patrizia,PARTITO DEMOCRATICO - ITALIA DEMOCRATICA E PROGRESSISTA
PRETTO Erik Umberto,LEGA - SALVINI PREMIER
PRISCO Emanuele,FRATELLI D'ITALIA
PROVENZANO Giuseppe,PARTITO DEMOCRATICO - ITALIA DEMOCRATICA E PROGRESSISTA
PULCIANI Paolo,FRATELLI D'ITALIA
QUARTAPELLE PROCOPIO Lia,PARTITO DEMOCRATICO - ITALIA DEMOCRATICA E PROGRESSISTA
QUARTINI Andrea,MOVIMENTO 5 STELLE
RAFFA Angela,MOVIMENTO 5 STELLE
RAIMONDO Carmine Fabio,FRATELLI D'ITALIA
RAMPELLI Fabio,FRATELLI D'ITALIA
RAVETTO Laura,LEGA - SALVINI PREMIER
RICCIARDI Marianna,MOVIMENTO 5 STELLE
RICCIARDI Riccardo,MOVIMENTO 5 STELLE
RICCIARDI Toni,PARTITO DEMOCRATICO - ITALIA DEMOCRATICA E PROGRESSISTA
RICHETTI Matteo,AZIONE-POPOLARI EUROPEISTI RIFORMATORI-RENEW EUROPE
RIXI Edoardo,LEGA - SALVINI PREMIER
RIZZETTO Walter,FRATELLI D'ITALIA
ROCCELLA Eugenia,FRATELLI D'ITALIA
ROGGIANI Silvia,PARTITO DEMOCRATICO - ITALIA DEMOCRATICA E PROGRESSISTA
ROMANO Francesco Saverio,NOI MODERATI (NOI CON L'ITALIA, CORAGGIO ITALIA, UDC E ITALIA AL CENTRO)-MAIE-CENTRO POPOLARE
ROMEO Nadia,PARTITO DEMOCRATICO - ITALIA DEMOCRATICA E PROGRESSISTA
ROSATO Ettore,AZIONE-POPOLARI EUROPEISTI RIFORMATORI-RENEW EUROPE
ROSCANI Fabio,FRATELLI D'ITALIA
ROSSELLO Cristina,FORZA ITALIA - BERLUSCONI PRESIDENTE - PPE
ROSSI Andrea,PARTITO DEMOCRATICO - ITALIA DEMOCRATICA E PROGRESSISTA
ROSSI Angelo,FRATELLI D'ITALIA
ROSSI Fabrizio,FRATELLI D'ITALIA
ROSSO Matteo,FRATELLI D'ITALIA
ROTELLI Mauro,FRATELLI D'ITALIA
ROTONDI Gianfranco,FRATELLI D'ITALIA
RUBANO Francesco Maria,FORZA ITALIA - BERLUSCONI PRESIDENTE - PPE
RUFFINO Daniela,AZIONE-POPOLARI EUROPEISTI RIFORMATORI-RENEW EUROPE
RUSPANDINI Massimo,FRATELLI D'ITALIA
RUSSO Gaetana,FRATELLI D'ITALIA
RUSSO Paolo Emilio,FORZA ITALIA - BERLUSCONI PRESIDENTE - PPE
SACCANI JOTTI Gloria,FORZA ITALIA - BERLUSCONI PRESIDENTE - PPE
SALA Fabrizio,FORZA ITALIA - BERLUSCONI PRESIDENTE - PPE
SANTILLO Agostino,MOVIMENTO 5 STELLE
SARRACINO Marco,PARTITO DEMOCRATICO - ITALIA DEMOCRATICA E PROGRESSISTA
SASSO Rossano,LEGA - SALVINI PREMIER
SBARDELLA Luca,FRATELLI D'ITALIA
SCARPA Rachele,PARTITO DEMOCRATICO - ITALIA DEMOCRATICA E PROGRESSISTA
SCERRA Filippo,MOVIMENTO 5 STELLE
SCHIANO DI VISCONTI Michele,FRATELLI D'ITALIA
SCHIFONE Marta,FRATELLI D'ITALIA
SCHLEIN Elly,PARTITO DEMOCRATICO - ITALIA DEMOCRATICA E PROGRESSISTA
SCHULLIAN Manfred,MISTO-MINORANZE LINGUISTICHE
SCOTTO Arturo,PARTITO DEMOCRATICO - ITALIA DEMOCRATICA E PROGRESSISTA
SCUTELLA' Elisa,MOVIMENTO 5 STELLE (Cessato dal mandato parlamentare il 12 marzo 2025)
SEMENZATO Martina,NOI MODERATI (NOI CON L'ITALIA, CORAGGIO ITALIA, UDC E ITALIA AL CENTRO)-MAIE-CENTRO POPOLARE
SERRACCHIANI Debora,PARTITO DEMOCRATICO - ITALIA DEMOCRATICA E PROGRESSISTA
SILVESTRI Francesco,MOVIMENTO 5 STELLE
SILVESTRI Rachele,FRATELLI D'ITALIA
SIMIANI Marco,PARTITO DEMOCRATICO - ITALIA DEMOCRATICA E PROGRESSISTA
SIRACUSANO Matilde,FORZA ITALIA - BERLUSCONI PRESIDENTE - PPE
SORTE Alessandro,FORZA ITALIA - BERLUSCONI PRESIDENTE - PPE
SOTTANELLI Giulio Cesare,AZIONE-POPOLARI EUROPEISTI RIFORMATORI-RENEW EUROPE
SOUMAHORO Aboubakar,MISTO - non iscritto ad alcuna componente
SPERANZA Roberto,PARTITO DEMOCRATICO - ITALIA DEMOCRATICA E PROGRESSISTA
SPORTIELLO Gilda,MOVIMENTO 5 STELLE
SQUERI Luca,FORZA ITALIA - BERLUSCONI PRESIDENTE - PPE
STEFANAZZI Claudio Michele,PARTITO DEMOCRATICO - ITALIA DEMOCRATICA E PROGRESSISTA
STEFANI Alberto,LEGA - SALVINI PREMIER
STEGER Dieter,MISTO-MINORANZE LINGUISTICHE
STUMPO Nicola,PARTITO DEMOCRATICO - ITALIA DEMOCRATICA E PROGRESSISTA
SUDANO Valeria,LEGA - SALVINI PREMIER
TABACCI Bruno,PARTITO DEMOCRATICO - ITALIA DEMOCRATICA E PROGRESSISTA
TAJANI Antonio,FORZA ITALIA - BERLUSCONI PRESIDENTE - PPE
TASSINARI Rosaria,FORZA ITALIA - BERLUSCONI PRESIDENTE - PPE
TENERINI Chiara,FORZA ITALIA - BERLUSCONI PRESIDENTE - PPE
TESTA Guerino,FRATELLI D'ITALIA
TIRELLI Franco,NOI MODERATI (NOI CON L'ITALIA, CORAGGIO ITALIA, UDC E ITALIA AL CENTRO)-MAIE-CENTRO POPOLARE
TOCCALINI Luca,LEGA - SALVINI PREMIER
TODDE Alessandra,MOVIMENTO 5 STELLE (Cessato dal mandato parlamentare il 9 aprile 2024)
TORTO Daniela,MOVIMENTO 5 STELLE
TOSI Flavio,FORZA ITALIA - BERLUSCONI PRESIDENTE - PPE (Cessato dal mandato parlamentare il 9 luglio 2024)
TRANCASSINI Paolo,FRATELLI D'ITALIA
TRAVERSI Roberto,MOVIMENTO 5 STELLE
TREMAGLIA Andrea,FRATELLI D'ITALIA
TREMONTI Giulio,FRATELLI D'ITALIA
TUCCI Riccardo,MOVIMENTO 5 STELLE
URZI' Alessandro,FRATELLI D'ITALIA
VACCARI Stefano,PARTITO DEMOCRATICO - ITALIA DEMOCRATICA E PROGRESSISTA
VARCHI Maria Carolina,FRATELLI D'ITALIA
VIETRI Imma,FRATELLI D'ITALIA
VINCI Gianluca,FRATELLI D'ITALIA
VOLPI Andrea,FRATELLI D'ITALIA
ZAN Alessandro,PARTITO DEMOCRATICO - ITALIA DEMOCRATICA E PROGRESSISTA (Cessato dal mandato parlamentare il 9 luglio 2024)
ZANELLA Luana,ALLEANZA VERDI E SINISTRA
ZARATTI Filiberto,ALLEANZA VERDI E SINISTRA
ZIELLO Edoardo,LEGA - SALVINI PREMIER
ZINGARETTI Nicola,PARTITO DEMOCRATICO - ITALIA DEMOCRATICA E PROGRESSISTA (Cessato dal mandato parlamentare il 9 luglio 2024)
ZINZI Gianpiero,LEGA - SALVINI PREMIER
ZOFFILI Eugenio,LEGA - SALVINI PREMIER
ZUCCONI Riccardo,FRATELLI D'ITALIA
ZURZOLO Immacolata,FRATELLI D'ITALIA